﻿<?xml version="1.0" encoding="utf-8" ?>
<Patch>
    <Operation Class="PatchOperationConditional">
        <xpath>/Defs/ThingDef[defName="LongRangeMineralScanner"]/comps/li[@Class="CompProperties_LongRangeMineralScanner"]</xpath>
        <match Class="PatchOperationReplace">
            <xpath>/Defs/ThingDef[defName="LongRangeMineralScanner"]/comps/li[@Class="CompProperties_LongRangeMineralScanner"]</xpath>
            <value>
                <li Class="RabiSquare.RealisticOreGeneration.CompPropertiesOreScanner">
                    <scanSpeedStat>ResearchSpeed</scanSpeedStat>
                    <scanFindMtbDays>4</scanFindMtbDays>
                    <scanFindGuaranteedDays>8</scanFindGuaranteedDays>
                    <soundWorking>ScannerLongRangeMineral_Ambience</soundWorking>
                </li>
            </value>
        </match>
    </Operation>
    <Operation Class="PatchOperationReplace">
        <xpath>/Defs/ThingDef[defName="LongRangeMineralScanner"]/graphicData/texPath</xpath>
        <value>
            <texPath>Thing/Building/LongRangeMineralScanner</texPath>
        </value>
    </Operation>
    <Operation Class="PatchOperationAdd">
        <xpath>/Defs/ThingDef[defName="LongRangeMineralScanner"]</xpath>
        <value>
            <tickerType>Rare</tickerType>
        </value>
    </Operation>
</Patch>