﻿<?xml version="1.0" encoding="utf-8"?>
<Defs>
    <WorldObjectDef>
        <defName>SrMiningOutpost</defName>
        <label>mining post</label>
        <description>A mining post.</description>
        <worldObjectClass>RabiSquare.RealisticOreGeneration.MiningOutpost</worldObjectClass>
        <texture>World/WorldObjects/MiningPostMini</texture>
        <expandingIcon>true</expandingIcon>
        <expandingIconTexture>World/WorldObjects/MiningPost</expandingIconTexture>
        <expandingIconPriority>10</expandingIconPriority>
        <canBePlayerHome>false</canBePlayerHome>
        <IncidentTargetTags>
            <li>Map_PlayerHome</li>
        </IncidentTargetTags>
        <comps>
            <li Class="WorldObjectCompProperties_FormCaravan"/>
            <li Class="RabiSquare.RealisticOreGeneration.WorldObjectCompPropertiesAbandon"/>
        </comps>
    </WorldObjectDef>
</Defs>